layer,qa_val_auroc,transfer_auroc,transfer_ci_low,transfer_ci_high,in_domain_auroc,cosine
1,0.6724125898527462,0.498930703182355,0.4440684605188786,0.5638562141736307,0.4428622285510858,0.0139193018215332
2,0.6984359612596056,0.5037185993807655,0.4412702094489119,0.5619311823226708,0.5169099323602706,-0.003885672494115191
3,0.7104783616752351,0.5137412620894379,0.4516261645022103,0.5778036382315062,0.5240299038803845,0.017613610757442937
4,0.7110289157187056,0.4829710491876536,0.41866940558176974,0.5483334302914017,0.5364898540405838,-0.03778287507297881
5,0.7216057567791813,0.43853937246640495,0.3720275364170713,0.4994883461047254,0.5952296190815237,-0.040260473518700865
6,0.7237692015415513,0.5063998212518752,0.4436357733960485,0.5631595376820139,0.7127091491634033,-0.03422451280720344
7,0.7187134094803855,0.5765265409045932,0.5125881883479648,0.6353713497145297,0.9768600925596298,0.007890854615429427
8,0.7204115973046115,0.8195282326279166,0.7749697575331439,0.8587128101451018,0.9911000355998576,0.08260269548230925
9,0.715495382324889,0.8638641514251971,0.8271358117624011,0.9001061350868234,0.9925240299038803,0.031035738516350303
10,0.7265762517350207,0.5510230138210603,0.48965508896922416,0.6091499447287806,1.0,0.012011505398291614
11,0.7286078736982499,0.6434294104503815,0.5868226460091609,0.7037898092144563,0.9982200071199715,-0.015515581046239409
12,0.7289025364257411,0.46171279006671134,0.4033158260849233,0.5233685935598504,0.9989320042719829,-0.03701996539700088
13,0.7347182481525423,0.6484726611127071,0.5926716445068139,0.7073142755719601,1.0,-0.012160552578318742
14,0.738634160715255,0.8939640588592039,0.8591389522668111,0.9259774865305154,1.0,0.03577499479215382
15,0.7324074720264266,0.904433591879728,0.8683740421455939,0.9368604132411763,1.0,0.04636595218915579
16,0.7455354719643923,0.9911583516869354,0.9841294710186101,0.9964898112069736,1.0,0.09834824737336295
17,0.756616341374524,0.9898177407513805,0.9804024342228903,0.9957996430706215,1.0,0.09902585547472303
18,0.7736369910282954,0.9691978677902263,0.9500290593458264,0.9830917525036487,1.0,0.08787563986095581
19,0.7821822101255418,0.5569280857990999,0.4944564999913618,0.6183853383620878,1.0,-0.015631201991948222
20,0.7785609602903203,0.9728685882090077,0.9580986054421222,0.9859113162670432,1.0,0.08816914821721133
21,0.7808717364164359,0.9364805771010885,0.9119558611866304,0.9594220174879581,1.0,0.09535457066466133
22,0.7956048727909988,0.9350122889335759,0.9103432612577737,0.960028490743545,1.0,0.10921128643509194
23,0.7989159513341243,0.8364135465543107,0.7958017816769111,0.8786939795507301,1.0,0.08667513678216482
24,0.7884166530966726,0.7973762328832711,0.7515840751463582,0.8425625995619275,0.9996440014239943,0.03371824262751529
25,0.7930769767604159,0.7886303424941747,0.7429864759098113,0.8369697862250789,0.9996440014239943,0.024039334925742988
26,0.7922705314009661,0.8618532350218647,0.8261888367412892,0.8959396388256645,0.9992880028479886,0.04428729041486384
27,0.7983964144198634,0.852756232244885,0.8190032301759675,0.8882543167426888,0.9989320042719829,0.06944156618901798
28,0.7968765750885927,0.8670880015321267,0.8297572644208236,0.902483410321054,0.996440014239943,0.21171951745913964
