layer,l2,val_auroc,test_auroc,ci_low,ci_high
0,0.001,0.5,0.5,0.5,0.5
1,1.0,0.5469336670838548,0.7381732687375321,0.6700744073056133,0.8045217425584157
2,1.0,0.6076345431789737,0.7266315189512682,0.6524972537139546,0.7942988677544854
3,0.01,0.567584480600751,0.6523225990310629,0.5732068916880947,0.7283436876662234
4,0.1,0.6109720483938256,0.6728412653177543,0.5959562471866358,0.7510522175058548
5,0.001,0.5932415519399249,0.6015958962667427,0.5247009583333333,0.6808158030608943
6,0.001,0.646433041301627,0.6157024793388429,0.5407652488556528,0.6962774103688546
7,0.1,0.6458072590738423,0.7058278711883728,0.6246904484441156,0.7830966541120643
8,1.0,0.6839799749687109,0.7357509261897976,0.6619924672865014,0.8101176972377085
9,1.0,0.6804338756779308,0.7292675976061556,0.6511195471715555,0.803094869774937
10,10.0,0.6554025865665415,0.7400968937019093,0.6639094427135378,0.8140969038151291
11,1.0,0.6499791405924071,0.7301225420347678,0.6490930442637759,0.8095827705385987
12,1.0,0.6466416353775553,0.7428754630948988,0.6648095449172577,0.8224496061998251
13,1.0,0.6662494785148102,0.7481476204046736,0.6622730992696934,0.826513930440664
14,1.0,0.666875260742595,0.7588344257623254,0.676191616419295,0.8304781310347924
15,0.1,0.6795994993742178,0.7724422912510687,0.7020407253373947,0.8403834299304346
16,1.0,0.7098456403838131,0.7876175548589341,0.7149167169234886,0.8550216171376638
17,10.0,0.6652065081351689,0.7767170133941294,0.7084129214250795,0.8450044881430907
18,0.01,0.6656236962870254,0.6944286121402109,0.6199369884517484,0.7668434082703135
19,1.0,0.727784730913642,0.7880450270732402,0.715543599257885,0.8573883518735362
20,100.0,0.6816854401335002,0.7651752636078655,0.6917755677438119,0.8361766290690201
21,100.0,0.7057780559032123,0.7783556568823027,0.7115137240861975,0.846548553821725
22,1000.0,0.70546516478932,0.7821316614420063,0.7133187881682239,0.8469752111222458
23,100.0,0.6979557780559033,0.7758264462809917,0.7090423568982709,0.839624243195233
24,1000.0,0.6958698372966208,0.7646409233399829,0.7004066159250586,0.8292428589721169
